MY-56036885,Taman Duyung,Taman Duyung
MY-56036465,Jalan Lim Chin Guan,Jalan Lim Chin Guan
MY-56037573,Taman Titi,Taman Titi
MY-56037490,Taman Semarak,Taman Semarak
MY-56036303,Taman Kenari,Taman Kenari
MY-56036496,Taman Senangin,Taman Senangin
MY-56037575,Kampung Titi Teras,Kampung Titi Teras
MY-56037491,Lorong Ayer Jernih Belakang,Lorong Ayer Jernih Belakang
MY-56037769,Taman Sikamat Utama,Taman Sikamat Utama
MY-56037526,Taman Industri Kecil & Sederhana Pulau Sebang,Jalan Utama Iks Ps
MY-56036493,Taman Sri Senangin,Taman Sri Senangin
MY-56036886,Taman Sri Kamban,Taman Sri Kamban
MY-56037492,Kampung Paya Lebar,Paya Lebar
MY-56037768,Taman Jujur,Taman Jujur
MY-56037574,Glami Lemi,Glami Lemi
MY-56036884,Persimpangan Taman Bukit Merah, Jalan Lahat,Persimpangan Taman Bukit Merah, Jalan Lahat
MY-56036458,Taman Cemerlang,Jalan Jelutong
MY-56036880,Jalan Mantau Indah,Jalan Mantau Indah 9
MY-56036887,Kampung Baharu Mambau,芙蓉
MY-56037493,Jalan Air Kuning,Lot 898, Jalan Reservoir, Off Jalan Air Kuning
MY-56037498,Taman Megah,Taman Megah
MY-56037497,Taman Sri Rompin,Taman Sri Rompin
MY-56036300,Kampung Daching,Kampung Daching
MY-56036297,Kampung Tarun,Kampung Tarun
MY-56036879,Taman Thivy Jaya, Jalan Nuri Indah,Jalan Nuri Indah
MY-56036299,Simpang Bayu Merbau 4A/4,Simpang Bayu Merbau 4A/4
MY-56036462,Senaling,Kampung Senaling
MY-56036464,Taman Bahagia,Taman Bahagia
MY-56036461,Senaling,Kampung Senaling
MY-56037494,Bahau,马口
MY-56037525,Kampung Dusun,Kampung Dusun
MY-56036883,Jalan Marlin Heights 2,Jalan Marlin Heights 2
MY-56037496,Desa Bukit Gelugor, Jalan Kuala Pilah,Desa Bukit Gelugor, Jalan Kuala Pilah
MY-56036302,Kampung Sungai Kapal,Kampung Sungai Kapal
MY-56036878,Kampung Baru Rahang,Kampung Baru Rahang
MY-56036267,Persiaran Seri Emas Tiga,Persiaran Seri Emas Tiga
MY-56036497,Jalan Desa Rusa,Jalan Desa Rusa
MY-56036301,Kepung,Kepung
MY-56036495,Taman Bayu,Taman Bayu Puteri
MY-56036268,Jalan Lau Ek Ching,Jalan Lau Ek Ching
MY-56037770,Taman Pelangi,Taman Pelangi
MY-56036460,Taman Bukit Intan,Taman Bukit Intan
MY-56036269,Kampung Tanjung,Kampung Tanjung
MY-56036298,Kampung Sri Broga,Kampung Sri Broga
MY-56037495,Taman Bukit Margosa,Taman Bukit Margosa
MY-56036270,Negeri Sembilan,森美兰
MY-56036882,Jalan Angsa Mas 2,Jalan Angsa Mas 2
MY-56036492,Kampung Baru,Kampung Baru
MY-56037524,Kampung Baru,Kampung Baru
MY-56036494,Taman Eastern,Taman Eastern
MY-56036171,Taman Bahagia,Taman Bahagia
MY-56036177,Taman Juara Jaya,Taman Juara Jaya
MY-56036056,Lorong Jed Indah 2/1,Lorong Jed Indah 2/1
MY-56036174,Taman Melati,Taman Melati
MY-56036052,Taman Kristal,Lengkok Mount Erskine
MY-56036251,Kampung Teroi,Kampung Teroi
MY-56036063,Rantau,晏斗
MY-56036257,Jalan Kuarters Klia,Jalan Kuarters Klia
MY-56036162,Taman K.S.,Taman Ks
MY-56036260,Kota Seriemas,Kota Seriemas
MY-56036173,Taman Cempaka,Taman Cempaka
MY-56036178,Taman Meranti,Jelutong
MY-56036253,Taman Desa Jasmin,Taman Desa Jasmin
MY-56036262,Jalan Ros Merah,81100
MY-56035836,Rumah Rakyat Pengkalan Durian,Rumah Rakyat Pengkalan Durian
MY-56036061,Kampung Nyatoh,Kampung Nyatoh
MY-56036172,Taman Timur,Taman Timur
MY-56036263,Kampung Felda Lbj,Kampung Felda Lbj
MY-56035835,Rumah Rakyat Pengkalan Durian,Rumah Rakyat Pengkalan Durian
MY-56036165,Taman Melor,Taman Melor
MY-56036265,Taman Nilai,Taman Nilai Perdana
MY-56036161,Taman Acbe,Taman Acbe
MY-56035834,Perumahan Rakyat Toh Jabit,Jalan Helang
MY-56036059,Taman Kelab Tuanku,Taman Kelab Tuanku
MY-56036256,Desa Kasia,Desa Kasia
MY-56036070,Taman Pinggiran Senawang,Taman Pinggiran Senawang
MY-56036261,Desa Kolej,Desa Kolej
MY-56036060,Taman Bunga Sejati,Taman Bunga Sejati
MY-56036255,Bandar Baru Nilai,Bandar Baru Nilai
MY-56036062,Taman Tengku Ampuan Najihah,Taman Tengku Ampuan Najihah
MY-56036068,Taman Rantau Damai,Taman Rantau Damai
MY-56036266,Kampung Jijan,Kampung Jijan
MY-56036264,Kampung Jijan,Kampung Jijan
MY-56036167,Taman Saujana,Taman Saujana
MY-56036163,Taman Rasa Sayang,Taman Rasa Sayang
MY-56036252,Jalan Bukit Kristal 11,Jalan Bukit Kristal 11
MY-56036064,Jalan Anggerik,Jalan Anggerik
MY-56036259,Selangor,雪兰莪
MY-56036166,Kampung Baru Rompin,Kampung Baru Rompin
MY-56036055,Taman Sri Ramai,Taman Sri Ramai
MY-56036067,Taman Bukit Emas,Taman Bukit Emas
MY-56036168,Kampung Bakar Batu,Kampung Bakar Batu
MY-56036258,Jalan Laman Bakawali,Jalan Laman Bakawali
MY-56036071,Taman Seri Intan,Taman Seri Intan
MY-56036065,Taman Delima,Taman Delima
MY-56036176,Taman Tanjung,Taman Tanjung
MY-56036175,Taman Angkasa,Taman Angkasa Binangun
MY-56036057,Taman Seri Rahang,Taman Seri Rahang
MY-56036160,Jalan Bahau - Batu Kikir,Taman Kristal Batu Kikir
MY-56036164,Hotel Seri Malaysia,20100
MY-56016850,Jalan Ros Merah,81100
MY-56016776,Taman Pinggiran Senawang,Taman Pinggiran Senawang
MY-56016908,Taman Selayang,Taman Selayang
MY-56016598,Persiaran Negeri,Persiaran Negeri
MY-56016797,Taman Putera,Taman Putera
MY-56016603,Taman Nilai Perdana,Taman Nilai Perdana
MY-56016560,Taman Muhibbah,Taman Muhibbah
MY-56016827,Taman Rasah Jaya,Taman Rasah Jaya
MY-56016803,Taman Puteri,Taman Puteri
MY-56016883,Taman Sea,Jalan SS 2/16
MY-56016885,Chembong,Chembong
MY-56016602,Taman Nesa,Taman Nesa
MY-56016699,Taman Perindustrian Perdana Bukit Palong,Taman Perindustrian Perdana Bukit Palong
MY-56016869,Taman Satria,Taman Satria
MY-56016627,Taman Pd Jaya,Taman Pd Jaya
MY-56016422,Taman Labu Utama,Taman Labu Utama
MY-56016596,Taman Nee Yan,Taman Nee Yan
MY-56016611,Taman Nlfcs,Taman Nlfcs
MY-56016708,Taman Perindustrian Lukut Indah,Taman Perindustrian Lukut Indah
MY-56016440,Taman Limau Emas,Taman Limau Emas
MY-56016658,Lorong Patin,Lorong Patin
MY-56016887,Taman Sejahtera,Taman Sejahtera
MY-56016650,Taman Pantai Mas,Taman Pantai Mas
MY-56016928,Taman Sentosa,Taman Sentosa
MY-56016842,Taman Ria,Taman Ria
MY-56016664,Taman Port Dickson Utama,Taman Port Dickson Utama
MY-56016424,Taman Lagenda,Taman Lagenda
MY-56016438,Taman Lian,Jalan Batu Ambar
MY-56016828,Taman Rekreasi Rasah Kemayan,Taman Rekreasi Rasah Kemayan
MY-56016472,Taman Manong,Taman Manong
MY-56016718,Lukut,Lukut
MY-56016736,Taman Permai Iii,芙蓉
MY-56016652,Taman Paroi Jaya,Taman Paroi Jaya
MY-56016903,Taman Selasih,Taman Selasih
MY-56016778,Taman Pj Perdana,Taman Pj Perdana
MY-56016790,Taman Punca Emas,Taman Punca Emas
MY-56016434,Taman Layang-layang,Taman Layang-layang
MY-56016535,Taman Merpati,Taman Merpati
MY-56016597,Jalan Taman Bukit Negeri,Taman Negeri Bukit Panchor, Pulau Pinang
MY-56016447,Taman Loop,Taman Loop
MY-56016626,Taman Batu,Taman Batu
MY-56016459,Taman Makmur,Taman Makmur
MY-56016663,Jalan Pd 2/1,Jalan Pd 2/1
MY-56016578,Taman Mutiara,Taman Mutiara
MY-56016737,Taman Permai Ii,70200
MY-56016738,Taman Permai,Taman Permai
MY-56016550,Taman Mok Sum,Taman Mok Sum
MY-56016860,Taman Samudera,Taman Samudera
MY-56016586,Taman Mutiara Galla,Taman Mutiara Galla
MY-56016884,Taman Seaview,Jungutbatu
MY-56016087,Taman Desa Kiara,Taman Desa Kiara
MY-56016301,Jalan Jasmin Indah 16,Jalan Jasmin Indah 16
MY-56016399,Taman Koperasi,SK Taman Koperasi Polis
MY-56016104,Taman Desa Permai,Lorong Morib
MY-56016213,Jalan Harmonium 24,Jalan Harmonium 24
MY-56016110,Taman Desa Rasah,Taman Desa Rasah
MY-56016389,Taman Klana Jubli,Taman Klana Jubli
MY-56016206,Jalan Taman,Jalan Taman
MY-56016038,Taman Dato Wan,Taman Dato Wan
MY-56016076,Taman Desa Ixora,Taman Desa Ixora
MY-56016258,Taman Indah Baru,Taman Indah Baru
MY-56016259,Taman Desa Chengai Indah,Taman Desa Chengai Indah
MY-56016135,Taman England,Taman England
MY-56035833,Taman Bukit Kempas,Taman Bukit Kempas
MY-56016261,Taman Indah Jaya,Hulu Langat
MY-56015934,Jalan Nuri Indah,Jalan Nuri Indah
MY-56016096,Taman Desa Melor,Taman Desa Melor
MY-56016033,Taman Dato Haji Abdul Samad,Taman Dato Haji Abdul Samad
MY-56016395,Taman Kobena,Taman Kobena
MY-56016066,Taman Desa Duranta,Senawang
MY-56016268,Taman Indah,Taman Indah
MY-56015939,Taman Bukit Rasah,Taman Bukit Rasah
MY-56016387,Taman King Wong,Taman King Wong
MY-56015951,Taman Bukit Kerisa, Jalan Kaloi 2,Taman Bukit Kerisa, Jalan Kaloi 2
MY-56016146,Taman Flora,Taman Flora
MY-56015927,Taman Bukit Markisa,Taman Bukit Markisa
MY-56070867,Jalan Bunga Kertas,48300
MY-56015956,Jalan Bunga Kertas,48300
MY-56016005,Taman Tan Chee Hoe,Taman Tan Chee Hoe
MY-56016152,Lorong Sea View 4,Lorong Sea View 4
MY-56015937,Taman Bukit Perdana,Taman Bukit Perdana
MY-56015953,Taman Bunga Blossom,Taman Bunga Blossom
MY-56016222,Taman Ho,Taman Ho Swee
MY-56015945,Taman Bukit Sentosa,Taman Bukit Sentosa
MY-56015950,Taman Bukit Zamrud,Taman Bukit Zamrud
MY-56016401,Taman Koperasi Cuepacs,Taman Koperasi Cuepacs
MY-56016172,Taman Gemilang,Taman Gemilang
MY-56016020,Taman Dahlia,Taman Dahlia
MY-56016056,Taman Desa Anggerik,Taman Desa Anggerik
MY-56016288,Taman Intan Perdana,Taman Intan Perdana
MY-56015944,Jalan Bukit Sapphire,Jalan Bukit Sapphire
MY-56035831,Taman Putra,Taman Putra
MY-56016383,Taman Kiara,Taman Kiara
MY-56016008,Taman Cheong Loong,Taman Cheong Loong
MY-56016062,Taman Desa Dahlia,Taman Desa Dahlia
MY-56016257,Persiaran Indah,Johor Bahru
MY-56016264,Taman Mas Indah,Taman Mas Indah
MY-56015942,Wisma Samudra,1
MY-56035287,Taman Indah,Taman Indah
MY-56016151,Jalan Forest Heights 4/16A,Jalan Forest Heights 4/16A
MY-56035832,Jalan Dato Muda Linggi,Jalan Dato Muda Linggi
MY-56035286,Persiaran Bukit Coral,Persiaran Bukit Coral
MY-56035550,Taman Desa Bakti,Taman Desa Bakti
MY-56035463,Taman Kekwa,Lorong Kekwa
MY-56035548,Kampung Tiong,Kampung Tiong
MY-56035284,Kampung Tok Ungku,Kampung Tok Ungku
MY-56035569,Repah,Repah
MY-56035281,Taman Lucky,Taman Lucky
MY-56035546,Taman Molek,Taman Molek
MY-56034994,Taman Irama,Taman Irama
MY-56035696,Kampung Juar,Kampung Juar
MY-56035040,Taman Jati,Taman Jati
MY-56035292,Taman Lee Siew Joo,Taman Lee Siew Joo
MY-56035466,Tanah Merah,丹那美拉
MY-56035545,Kampung Sri Gemas,Kampung Sri Gemas
MY-56035465,Kampung Jawa,Kampung Jawa
MY-56035032,Taman Batu Permai,Taman Batu Permai
MY-56035285,Taman Pulai Jaya,Taman Pulai Jaya
MY-56034995,Taman Angsana,Taman Angsana Hilir
MY-56035573,Kampung Mahsan,Kampung Mahsan
MY-56035043,Kem Pengakap Jempol,Kem Pengakap Jempol
MY-56035558,Taman Gemas Indah,Taman Gemas Indah
MY-56035262,Kampung Sikamat Lama,Kampung Sikamat Lama
MY-56035280,Taman Rahang,Taman Rahang
MY-56035571,Taman Teratai,Leuwimalang
MY-56035293,Taman Desa Temiang,Taman Desa Temiang
MY-56034996,Ulu Triang,Ulu Triang
MY-56035279,Taman Bunga Raya,Taman Bunga Raya
MY-56035467,Kampung Balik Bukit,Kampung Balik Bukit
MY-56035553,Taman Sahabat,Taman Sahabat
MY-56035291,Taman Bukit Kaya,Taman Bukit Kaya
MY-56035290,Jalan Pulasan,Jalan Pulasan
MY-56035041,Pusat Perniagaan Pekan Lama,Pusat Perniagaan Pekan Lama
MY-56035044,Pusat Perniagaan Pekan Lama,Pusat Perniagaan Pekan Lama
